{
  "j": [
    1266.8984375,
    628.90625
  ],
  "l": [
    1266.8984375,
    763.90625
  ],
  "k": [
    1190.3203125,
    599.4453125
  ]
}